Name,Age,Team,Nation,SALARY,OVR,PAC,SHO,DEF,PHY
Kylian Mbappé,25,Real Madrid,France,754859,91,97,90,36,78
Rodri,28,Manchester City,Spain,622052,91,66,80,87,85
Erling Haaland,24,Manchester City,Norway,412691,91,88,92,45,88
Jude Bellingham,21,Real Madrid,England,273450,90,80,87,78,83
Vini Jr.,24,Real Madrid,Brazil,413041,90,95,84,29,69
Kevin De Bruyne,33,Manchester City,Belgium,808362,90,67,87,65,78
Harry Kane,31,FC Bayern München,England,618549,90,65,93,49,82
Martin Ødegaard,25,Arsenal,Norway,523728,89,70,82,67,66
Gianluigi Donnarumma,25,Paris SG,Italy,974254,89,90,84,52,87
Alisson,31,Liverpool,Brazil,835582,89,86,85,56,90
Thibaut Courtois,32,Real Madrid,Belgium,928427,89,85,89,46,88
Lautaro Martínez,27,Lombardia FC,Argentina,103684,89,82,88,54,85
Virgil van Dijk,33,Liverpool,Holland,210782,89,78,60,89,86
Marc-André ter Stegen,32,FC Barcelona,Germany,685707,89,86,85,47,86
Mohamed Salah,32,Liverpool,Egypt,773627,89,89,87,45,75
Phil Foden,24,Manchester City,England,737031,88,86,86,57,63
Lionel Messi,37,Inter Miami CF,Argentina,833473,88,79,85,33,64
Antoine Griezmann,33,Atlético de Madrid,France,120365,88,80,88,59,75
Rúben Dias,27,Manchester City,Portugal,302043,88,67,39,89,87
Robert Lewandowski,36,FC Barcelona,Poland,662592,88,75,88,44,84
Federico Valverde,26,Real Madrid,Uruguay,192365,88,88,82,80,84
Ederson,31,Manchester City,Brazil,878255,88,87,82,64,86
Bernardo Silva,30,Manchester City,Portugal,678776,88,75,78,71,69
Jan Oblak,31,Atlético de Madrid,Slovenia,765581,88,85,90,46,86
Antonio Rüdiger,31,Real Madrid,Germany,792737,88,82,55,86,86
Florian Wirtz,21,Leverkusen,Germany,141305,88,81,78,50,67
Gregor Kobel,26,Borussia Dortmund,Switzerland,364443,88,87,86,44,87
William Saliba,23,Arsenal,France,559836,87,82,39,87,83
Victor Osimhen,25,SSC Napoli,Nigeria,913131,87,89,84,42,82
Jamal Musiala,21,FC Bayern München,Germany,227665,87,84,81,63,64
Bukayo Saka,23,Arsenal,England,191053,87,85,83,60,70
Paulo Dybala,30,AS Roma,Argentina,627893,87,80,85,41,65
Theo Hernández,26,Milano FC,France,248125,87,95,76,81,89
Neymar Jr,32,Al Hilal,Brazil,323321,87,85,79,37,60
Declan Rice,25,Arsenal,England,899481,87,73,72,84,85
Frenkie de Jong,27,FC Barcelona,Holland,995246,87,82,69,77,78
Mike Maignan,29,Milano FC,France,295696,87,84,83,64,84
Bruno Fernandes,30,Man Utd,Portugal,384544,87,70,85,65,75
Heung Min Son,32,Spurs,Korea Republic,468816,87,87,89,42,73
Marquinhos,30,Paris SG,Brazil,350911,87,79,56,89,81
Alessandro Bastoni,25,Lombardia FC,Italy,984412,87,75,43,87,83
İlkay Gündoğan,33,Manchester City,Germany,670732,87,62,83,74,73
Emiliano Martínez,32,Aston Villa,Argentina,691375,87,84,82,56,87
Nicolò Barella,27,Lombardia FC,Italy,290693,87,81,78,80,82
Yann Sommer,35,Lombardia FC,Switzerland,848079,87,83,84,50,86
Cristiano Ronaldo,39,Al Nassr,Portugal,824598,86,77,88,34,77
Gabriel,26,Arsenal,Brazil,339472,86,69,41,86,82
Granit Xhaka,31,Leverkusen,Switzerland,524173,86,50,75,79,82
Rodrygo,23,Real Madrid,Brazil,837405,86,89,81,31,64
João Cancelo,30,Al Hilal,Portugal,742611,86,81,73,80,72
Rafael Leão,25,Milano FC,Portugal,398081,86,94,79,28,77
Grimaldo,28,Leverkusen,Spain,759887,86,74,73,76,71
Luka Modrić,39,Real Madrid,Croatia,786537,86,72,76,71,64
Alexis Mac Allister,25,Liverpool,Argentina,604229,86,69,82,76,76
Carvajal,32,Real Madrid,Spain,667348,86,81,58,81,79
Ousmane Dembélé,27,Paris SG,France,350877,86,92,75,41,57
Trent Alexander-Arnold,25,Liverpool,England,76414,86,75,72,80,74
Pedri,21,FC Barcelona,Spain,135386,86,77,69,70,74
Jonathan Tah,28,Leverkusen,Germany,781610,86,71,38,86,84
Karim Benzema,36,Al Ittihad,France,392235,86,77,85,38,77
Bremer,27,Juventus,Brazil,776422,86,82,50,86,85
Joshua Kimmich,29,FC Bayern München,Germany,173304,86,69,74,81,77
Unai Simón,27,Athletic Club,Spain,408758,86,85,81,49,85
Manuel Neuer,38,FC Bayern München,Germany,329622,86,83,81,49,88
Hakan Çalhanoğlu,30,Lombardia FC,Turkey,252084,86,71,80,79,76
David Alaba,32,Real Madrid,Austria,276301,85,79,71,85,77
Ronald Araujo,25,FC Barcelona,Uruguay,348267,85,82,53,85,84
Julian Brandt,28,Borussia Dortmund,Germany,467285,85,71,79,50,70
Éder Militão,26,Real Madrid,Brazil,845516,85,85,50,85,82
Bruno Guimarães,26,Newcastle Utd,Brazil,376726,85,68,75,79,83
Alexander Isak,24,Newcastle Utd,Sweden,687208,85,85,84,39,74
N'Golo Kanté,33,Al Ittihad,France,842652,85,76,65,85,78
Jules Koundé,25,FC Barcelona,France,335267,85,84,45,86,80
Khvicha Kvaratskhelia,23,SSC Napoli,Georgia,634200,85,86,79,41,71
Vitinha,24,Paris SG,Portugal,470833,85,72,77,73,68
James Maddison,27,Spurs,England,615593,85,71,81,54,63
Riyad Mahrez,33,Al Ahli,Algeria,322243,85,79,81,39,62
Giorgi Mamardashvili,23,Valencia CF,Georgia,339787,85,86,83,48,85
Mikel Merino,28,Arsenal,Spain,812554,85,72,79,83,82
Sergej Milinković-Savić,29,Al Hilal,Serbia,420737,85,64,80,78,88
Loïs Openda,24,RB Leipzig,Belgium,123760,85,93,84,31,79
Palhinha,29,FC Bayern München,Portugal,856004,85,52,68,85,90
Cole Palmer,22,Chelsea,England,671674,85,75,82,50,66
Andrew Robertson,30,Liverpool,Scotland,778875,85,78,61,81,78
Leroy Sané,28,FC Bayern München,Germany,479242,85,90,83,37,70
Nico Schlotterbeck,24,Borussia Dortmund,Germany,472520,85,77,59,85,82
John Stones,30,Manchester City,England,403158,85,69,58,85,77
Aurélien Tchouaméni,24,Real Madrid,France,58757,85,73,69,82,82
Diogo Jota,27,Liverpool,Portugal,130304,85,82,82,57,79
Sandro Tonali,24,Newcastle Utd,Italy,816032,85,84,74,82,82
Ollie Watkins,28,Aston Villa,England,380696,85,85,83,50,83
Nico Williams,22,Athletic Club,Spain,375957,85,93,75,36,65
Francesco Acerbi,36,Lombardia FC,Italy,96112,84,60,50,86,80
Manuel Akanji,29,Manchester City,Switzerland,619609,84,78,48,85,82
Nathan Aké,29,Manchester City,Holland,733997,84,76,53,84,77
Julián Álvarez,24,Atlético de Madrid,Argentina,469243,84,85,84,57,78
Iago Aspas,37,RC Celta,Spain,290540,84,81,86,35,65
Yassine Bounou,33,Al Hilal,Morocco,965189,84,81,82,38,83
Federico Chiesa,26,Liverpool,Italy,951790,84,93,83,52,75
Kingsley Coman,28,FC Bayern München,France,305147,84,89,75,30,62
Rúben Neves,27,Al Hilal,Portugal,992229,84,57,75,77,77
Matthijs de Ligt,25,Man Utd,Holland,179387,84,62,61,85,83
Rodrigo De Paul,30,Atlético de Madrid,Argentina,869157,84,76,77,76,82
Raphinha,27,FC Barcelona,Brazil,957127,84,91,79,53,73
Luis Díaz,27,Liverpool,Colombia,573230,84,90,80,39,75
Federico Dimarco,26,Lombardia FC,Italy,684038,84,80,77,78,81
Artem Dovbyk,27,AS Roma,Ukraine,981545,84,84,85,34,81
Jeremie Frimpong,23,Leverkusen,Holland,829130,84,93,62,75,69
Aleix García,27,Leverkusen,Spain,214893,84,67,77,76,68
Jack Grealish,29,Manchester City,England,734329,84,76,76,53,73
Serhou Guirassy,28,Borussia Dortmund,Guinea,791769,84,69,86,39,79
Viktor Gyökeres,26,Sporting CP,Sweden,337321,84,90,83,36,91
Achraf Hakimi,25,Paris SG,Morocco,706276,84,91,76,75,78
Lukáš Hrádecký,34,Leverkusen,Finland,985044,84,85,80,40,82
Kalidou Koulibaly,33,Al Hilal,Senegal,598603,84,76,48,85,84
Sadio Mané,32,Al Nassr,Senegal,983703,84,83,81,44,75
Lisandro Martínez,26,Man Utd,Argentina,182491,84,71,59,85,81
Diogo Costa,24,FC Porto,Portugal,326761,84,83,78,35,83
Ferland Mendy,29,Real Madrid,France,202453,84,89,64,81,85
Christopher Nkunku,26,Chelsea,France,935163,84,81,81,60,67
Dani Olmo,26,FC Barcelona,Spain,645838,84,73,77,50,57
Exequiel Palacios,25,Leverkusen,Argentina,126200,84,69,76,82,73
Benjamin Pavard,28,Lombardia FC,France,685887,84,75,67,86,81
Álex Remiro,29,Real Sociedad,Spain,790195,84,84,79,42,86
Cristian Romero,26,Spurs,Argentina,796088,84,68,46,85,81
Marcel Sabitzer,30,Borussia Dortmund,Austria,515409,84,76,84,75,79
Casemiro,32,Man Utd,Brazil,113748,84,38,74,82,82
Guglielmo Vicario,27,Spurs,Italy,337593,84,84,80,52,84
Dušan Vlahović,24,Juventus,Serbia,844963,84,78,84,29,83
Kyle Walker,34,Manchester City,England,513193,84,89,64,79,81
Benjamin White,26,Arsenal,England,670533,84,73,35,83,80
Marcos Acuña,32,River Plate,Argentina,790297,83,74,74,80,84
Robert Andrich,29,Leverkusen,Germany,447924,83,54,77,83,83
Ismaël Bennacer,26,Milano FC,Algeria,789441,83,77,73,78,75
Domenico Berardi,30,Sassuolo,Italy,640646,83,79,81,36,70
Eduardo Camavinga,21,Real Madrid,France,532300,83,80,67,78,80
Yannick Carrasco,31,Al Shabab,Belgium,701423,83,88,81,59,67
Andreas Christensen,28,FC Barcelona,Denmark,82045,83,67,32,85,76
Stefan de Vrij,32,Lombardia FC,Holland,280674,83,62,41,85,75
Ángel Di María,36,SL Benfica,Argentina,574723,83,76,80,48,66
Moussa Diaby,25,Al Ittihad,France,885037,83,95,75,43,53
Youssef En-Nesyri,27,Fenerbahçe,Morocco,931254,83,82,82,36,80
Rafa,31,Beşiktaş,Portugal,901874,83,93,77,50,54
Cody Gakpo,25,Liverpool,Holland,229782,83,82,83,48,75
José María Giménez,29,Atlético de Madrid,Uruguay,109353,83,71,46,85,82
Olivier Giroud,37,LAFC,France,927165,83,45,84,42,81
Leon Goretzka,29,FC Bayern München,Germany,989083,83,70,80,80,85
Joško Gvardiol,22,Manchester City,Croatia,146519,83,79,69,83,83
Kai Havertz,25,Arsenal,Germany,213492,83,77,81,49,72
Lucas Hernández,28,Paris SG,France,161355,83,74,54,84,78
Mauro Icardi,31,Galatasaray,Argentina,963941,83,68,83,40,75
Kim Min Jae,27,FC Bayern München,Korea Republic,691352,83,76,33,85,83
Ibrahima Konaté,25,Liverpool,France,99167,83,75,34,83,84
Teun Koopmeiners,26,Juventus,Holland,470615,83,66,78,75,78
Mateo Kovačić,30,Manchester City,Croatia,561473,83,69,67,71,70
Konrad Laimer,27,FC Bayern München,Austria,604205,83,80,69,82,78
Aymeric Laporte,30,Al Nassr,Spain,926137,83,55,50,85,76
Robin Le Normand,27,Atlético de Madrid,Spain,211452,83,62,26,84,79
Marcos Llorente,29,Atlético de Madrid,Spain,737841,83,89,79,79,81
Manuel Locatelli,26,Juventus,Italy,139983,83,64,70,79,80
Donyell Malen,25,Borussia Dortmund,Holland,124767,83,89,81,35,72
Gabriel Martinelli,23,Arsenal,Brazil,716979,83,89,78,46,72
Henrikh Mkhitaryan,35,Lombardia FC,Armenia,357818,83,78,79,72,77
Morata,31,Milano FC,Spain,412924,83,82,81,31,79
Gerard Moreno,32,Villarreal CF,Spain,81636,83,77,85,46,72
André Onana,28,Man Utd,Cameroon,89700,83,83,75,61,79
Willi Orban,31,RB Leipzig,Hungary,976730,83,58,36,85,78
Gavi,20,FC Barcelona,Spain,536334,83,76,66,68,70
Parejo,35,Villarreal CF,Spain,625095,83,52,80,74,69
Lorenzo Pellegrini,28,AS Roma,Italy,179408,83,79,78,74,78
Pedro Gonçalves,26,Sporting CP,Portugal,831074,83,78,82,63,68
Jordan Pickford,30,Everton,England,316211,83,83,78,53,80
Nick Pope,32,Newcastle Utd,England,310294,83,82,82,49,82
Pedro Porro,25,Spurs,Spain,173890,83,82,73,78,77
Ivan Provedel,30,Latium,Italy,170944,83,84,79,42,84
Christian Pulisic,25,Milano FC,United States,154342,83,88,82,37,63
David Raya,28,Arsenal,Spain,959814,83,82,81,57,81
Koke,32,Atlético de Madrid,Spain,849133,83,69,72,77,78
Guido Rodríguez,29,West Ham,Argentina,882732,83,51,58,85,80
Alessio Romagnoli,29,Latium,Italy,313421,83,64,40,85,79
Xavi Simons,21,RB Leipzig,Holland,946247,83,81,77,61,71
Douglas Luiz,26,Juventus,Brazil,805968,83,66,78,75,76
Dušan Tadić,35,Fenerbahçe,Serbia,322395,83,64,79,43,78
Edmond Tapsoba,25,Leverkusen,Burkina Faso,867942,83,75,54,85,79
Nuno Mendes,22,Paris SG,Portugal,423957,83,89,58,78,76
Marcus Thuram,27,Lombardia FC,France,618962,83,87,81,50,84
Fikayo Tomori,26,Milano FC,England,579381,83,84,40,85,80
Lucas Torreira,28,Galatasaray,Uruguay,124004,83,76,69,81,81
Kieran Trippier,33,Newcastle Utd,England,275565,83,67,65,81,72
Leandro Trossard,29,Arsenal,Belgium,525092,83,82,81,30,61
Viktor Tsygankov,26,Girona FC,Ukraine,799811,83,85,80,46,62
Mattia Zaccagni,29,Latium,Italy,295007,83,87,77,57,66
Duván Zapata,33,Torino,Colombia,221403,83,73,82,35,88
Isco,32,Real Betis,Spain,325561,82,66,74,59,59
Joelinton,28,Newcastle Utd,Brazil,201408,82,76,72,81,89
Pepê,27,FC Porto,Brazil,880309,82,87,74,62,62
Pierre-Emerick Aubameyang,35,Al Qadisiyah,Gabon,591132,82,84,83,35,63
Leon Bailey,27,Aston Villa,Jamaica,880023,82,90,78,38,62
Oliver Baumann,34,TSG Hoffenheim,Germany,514128,82,81,80,39,79
Victor Boniface,23,Leverkusen,Nigeria,808781,82,73,83,38,82
Sven Botman,24,Newcastle Utd,Holland,219123,82,60,37,83,83
Jarrod Bowen,27,West Ham,England,859488,82,77,81,46,70
Marcelo Brozović,31,Al Nassr,Croatia,442663,82,66,74,80,80
Moisés Caicedo,22,Chelsea,Ecuador,613471,82,75,63,79,78
Emre Can,30,Borussia Dortmund,Germany,600125,82,77,78,82,86
Marco Carnesecchi,24,Bergamo Calcio,Italy,895624,82,84,79,30,83
Koen Casteels,32,Al Qadisiyah,Belgium,326458,82,82,79,45,83
Lucas Paquetá,27,West Ham,Brazil,236992,82,72,77,69,79
Ángel Correa,29,Atlético de Madrid,Argentina,521066,82,85,84,50,75
Marc Cucurella,26,Chelsea,Spain,481344,82,75,60,78,76
Danilo,33,Juventus,Brazil,653469,82,76,67,84,77
Otávio,29,Al Nassr,Portugal,658783,82,78,71,67,74
Diogo Dalot,25,Man Utd,Portugal,398400,82,85,63,79,79
Sergi Darder,30,RCD Mallorca,Spain,465563,82,79,78,74,77
Alphonso Davies,23,FC Bayern München,Canada,561617,82,95,66,72,76
Giovanni Di Lorenzo,31,SSC Napoli,Italy,537070,82,83,67,79,80
Brahim,25,Real Madrid,Morocco,417412,82,85,74,31,56
Denzel Dumfries,28,Lombardia FC,Holland,706936,82,83,66,78,88
Edin Džeko,38,Fenerbahçe,Bosnia and Herzegovina,816516,82,57,82,45,76
Enzo Fernández,23,Chelsea,Argentina,86051,82,69,73,73,77
Nacho Fernández,34,Al Qadisiyah,Spain,500368,82,73,37,82,79
Gabriel Jesus,27,Arsenal,Brazil,86298,82,83,80,39,77
Jorginho,32,Arsenal,Italy,509415,82,46,67,73,71
Pau Torres,27,Aston Villa,Spain,369943,82,70,41,83,79
Niclas Füllkrug,31,West Ham,Germany,999526,82,63,84,43,81
Gayà,29,Valencia CF,Spain,133281,82,81,61,78,74
Paulo Gazzaniga,32,Girona FC,Argentina,630048,82,82,80,57,82
Matthias Ginter,30,SC Freiburg,Germany,543083,82,54,59,85,75
Serge Gnabry,29,FC Bayern München,Germany,813312,82,80,83,43,66
Anthony Gordon,23,Newcastle Utd,England,620004,82,91,78,49,71
Raphaël Guerreiro,30,FC Bayern München,Portugal,751462,82,63,78,76,56
Péter Gulácsi,34,RB Leipzig,Hungary,621088,82,82,82,43,83
Fabinho,30,Al Ittihad,Brazil,130335,82,58,69,80,82
Yangel Herrera,26,Girona FC,Venezuela,858127,82,64,77,80,81
Jonas Hofmann,32,Leverkusen,Germany,823426,82,73,79,64,72
Ciro Immobile,34,Beşiktaş,Italy,470125,82,82,83,39,73
Reece James,24,Chelsea,England,349838,82,78,72,82,82
Boubacar Kamara,24,Aston Villa,France,371673,82,66,54,83,80
Franck Yannick Kessié,27,Al Ahli,Côte d'Ivoire,901075,82,79,77,80,88
Randal Kolo Muani,25,Paris SG,France,272457,82,90,80,38,67
Filip Kostić,31,Juventus,Serbia,851116,82,85,76,70,80
Mohammed Kudus,24,West Ham,Ghana,644481,82,90,77,60,75
Dejan Kulusevski,24,Spurs,Sweden,986593,82,75,77,57,80
Alexandre Lacazette,33,OL,France,552719,82,70,84,44,75
Jeremías Conan Ledesma,31,River Plate,Argentina,481790,82,82,79,46,81
Bernd Leno,32,Fulham,Germany,195914,82,83,79,53,82
Stanislav Lobotka,29,SSC Napoli,Slovakia,50282,82,72,69,75,75
Ademola Lookman,26,Bergamo Calcio,Nigeria,799360,82,84,81,31,66
Romelu Lukaku,31,SSC Napoli,Belgium,693243,82,79,82,38,82
Gianluca Mancini,28,AS Roma,Italy,659061,82,71,45,83,85
John McGinn,29,Aston Villa,Scotland,540216,82,68,77,78,85
Aleksandar Mitrović,29,Al Hilal,Serbia,566764,82,64,82,28,88
Nahuel Molina,26,Atlético de Madrid,Argentina,747832,82,85,67,78,71
Savinho,20,Manchester City,Brazil,588017,82,88,72,30,53
Thomas Müller,35,FC Bayern München,Germany,997652,82,57,82,55,68
Darwin Núñez,25,Liverpool,Uruguay,569143,82,90,80,46,86
Michael Olise,22,FC Bayern München,France,76599,82,80,77,53,56
Oyarzabal,27,Real Sociedad,Spain,889210,82,77,83,42,63
Thomas Partey,31,Arsenal,Ghana,108581,82,62,71,79,82
Tijjani Reijnders,26,Milano FC,Holland,474147,82,80,76,73,74
Fabián Ruiz,28,Paris SG,Spain,479962,82,54,76,75,72
Brice Samba,30,RC Lens,France,955898,82,79,83,53,81
Sancet,24,Athletic Club,Spain,808278,82,73,77,70,82
Jadon Sancho,24,Chelsea,England,218494,82,79,69,32,50
Fabian Schär,32,Newcastle Utd,Switzerland,64912,82,51,68,84,79
Patrik Schick,28,Leverkusen,Czech Republic,976109,82,74,81,37,76
Luke Shaw,29,Man Utd,England,979009,82,75,57,81,78
Malcom,27,Al Hilal,Brazil,350496,82,84,79,43,72
Chris Smalling,34,Al Fayha,England,334461,82,54,47,85,79
Alexander Sørloth,28,Atlético de Madrid,Norway,80044,82,79,82,36,85
Anderson Talisca,30,Al Nassr,Brazil,214459,82,79,84,53,75
Luis Suárez,37,Inter Miami CF,Uruguay,189552,82,64,85,41,75
Niklas Süle,29,Borussia Dortmund,Germany,118665,82,70,51,83,79
Kevin Trapp,34,Frankfurt,Germany,675867,82,82,80,46,79
Destiny Udogie,21,Spurs,Italy,179912,82,88,65,78,80
Dayot Upamecano,25,FC Bayern München,France,825401,82,81,45,81,85
Micky van de Ven,23,Spurs,Holland,364831,82,88,47,83,81
Raphaël Varane,31,Como,France,96903,82,73,49,83,77
Iñaki Williams,30,Athletic Club,Ghana,173851,82,94,81,45,84
Luciano Acosta,30,FC Cincinnati,Argentina,479945,81,79,73,46,56
Edson Álvarez,26,West Ham,Mexico,543153,81,66,58,83,87
Yeray,29,Athletic Club,Spain,995784,81,64,49,83,76
Waldemar Anton,28,Borussia Dortmund,Germany,860121,81,69,46,81,83
Alphonse Areola,31,West Ham,France,374268,81,82,77,55,80
Marco Asensio,28,Paris SG,Spain,566328,81,76,79,43,63
Balde,20,FC Barcelona,Spain,255685,81,91,48,75,64
Rodrigo Bentancur,27,Spurs,Uruguay,453403,81,67,68,79,76
Álex Berenguer,29,Athletic Club,Spain,530323,81,85,75,64,68
Sergio Busquets,36,Inter Miami CF,Spain,245265,81,37,61,78,73
Bryan Cristante,29,AS Roma,Italy,749907,81,55,74,78,84
Ricardo Horta,29,SC Braga,Portugal,172772,81,80,80,43,70
Rui Silva,30,Real Betis,Portugal,747338,81,82,76,31,81
Matteo Darmian,34,Lombardia FC,Italy,651857,81,72,62,80,75
Jonathan David,24,LOSC Lille,Canada,205202,81,82,81,34,75
Richarlison,27,Spurs,Brazil,569827,81,77,80,53,78
Luuk de Jong,34,PSV,Holland,916196,81,44,80,57,80
Fred,31,Fenerbahçe,Brazil,186072,81,75,71,75,78
Eberechi Eze,26,Crystal Palace,England,688607,81,78,81,49,69
Youssouf Fofana,25,Milano FC,France,361126,81,69,68,78,80
Davide Frattesi,24,Lombardia FC,Italy,766385,81,80,74,71,71
Remo Freuler,32,Bologna,Switzerland,473099,81,60,72,77,74
Conor Gallagher,24,Atlético de Madrid,England,299133,81,73,75,77,81
Alexandr Golovin,28,AS Monaco,Russia,966553,81,77,77,61,68
Pascal Groß,33,Borussia Dortmund,Germany,838248,81,50,77,73,74
Marc Guéhi,24,Crystal Palace,England,614401,81,72,39,82,77
Dávid Hancko,26,Feyenoord,Slovakia,999880,81,78,66,81,80
Benjamin Henrichs,27,RB Leipzig,Germany,736889,81,74,54,79,74
Piero Hincapié,22,Leverkusen,Ecuador,908285,81,78,40,81,80
Ferdi Kadıoğlu,24,Brighton,Turkey,483991,81,88,65,75,76
Daichi Kamada,28,Crystal Palace,Japan,174962,81,79,73,54,63
Presnel Kimpembe,29,Paris SG,France,440744,81,74,43,81,82
Orkun Kökçü,23,SL Benfica,Turkey,631798,81,72,76,68,79
Ezri Konsa,26,Aston Villa,England,914791,81,76,48,83,78
Odilon Kossounou,23,Bergamo Calcio,Côte d'Ivoire,695779,81,80,32,82,80
Andrej Kramarić,33,TSG Hoffenheim,Croatia,245769,81,71,83,33,73
Takefusa Kubo,23,Real Sociedad,Japan,100248,81,84,76,40,60
Ruben Loftus-Cheek,28,Milano FC,England,879255,81,81,76,77,83
Andriy Lunin,25,Real Madrid,Ukraine,76988,81,80,78,37,80
Iñigo Martínez,33,FC Barcelona,Spain,379731,81,71,56,81,80
Noussair Mazraoui,26,Man Utd,Morocco,233632,81,78,66,77,71
Brais Méndez,27,Real Sociedad,Spain,788461,81,71,80,65,73
Alex Meret,27,SSC Napoli,Italy,379076,81,80,78,44,83
Arkadiusz Milik,30,Juventus,Poland,92477,81,56,82,40,72
Kaoru Mitoma,27,Brighton,Japan,540738,81,84,73,57,65
Fernando Muslera,38,Galatasaray,Uruguay,297638,81,81,81,35,82
Riccardo Orsolini,27,Bologna,Italy,116384,81,79,80,49,67
Stefan Ortega,31,Manchester City,Germany,617920,81,79,77,52,81
Nicolás Otamendi,36,SL Benfica,Argentina,448885,81,60,57,83,83
Isi Palazón,29,Rayo Vallecano,Spain,873578,81,84,78,39,64
Aaron Ramsdale,26,Southampton,England,981228,81,81,79,48,78
Marcus Rashford,26,Man Utd,England,902671,81,89,83,33,64
David Raum,26,RB Leipzig,Germany,938422,81,85,61,73,78
Stefan Savić,33,Trabzonspor,Montenegro,982715,81,63,35,83,79
Xaver Schlager,26,RB Leipzig,Austria,697556,81,72,70,75,79
Jerdy Schouten,27,PSV,Holland,339467,81,65,59,80,72
Ellyes Skhiri,29,Frankfurt,Tunisia,895632,81,60,73,80,76
Milan Škriniar,29,Paris SG,Slovakia,380505,81,57,45,83,80
Dominic Solanke,27,Spurs,England,937775,81,75,81,29,83
David Soria,31,Getafe CF,Spain,461458,81,81,79,43,80
Raheem Sterling,29,Arsenal,England,307859,81,85,78,42,65
Dominik Szoboszlai,23,Liverpool,Hungary,124370,81,82,80,59,70
Youri Tielemans,27,Aston Villa,Belgium,774130,81,44,79,69,70
Manuel Ugarte,23,Man Utd,Uruguay,547371,81,69,65,78,80
Deniz Undav,28,VfB Stuttgart,Germany,619012,81,67,82,33,78
Álvaro Valles,27,UD Las Palmas,Spain,884470,81,80,79,41,81
Lucas Vázquez,33,Real Madrid,Spain,568575,81,81,74,74,69
Joey Veerman,25,PSV,Holland,875509,81,55,72,66,72
Vivian,25,Athletic Club,Spain,749876,81,79,48,82,81
Callum Wilson,32,Newcastle Utd,England,399317,81,78,82,42,75
Lamine Yamal,17,FC Barcelona,Spain,371950,81,82,75,23,48
Wilfried Zaha,31,OL,Côte d'Ivoire,178626,81,86,78,37,75
Piotr Zieliński,30,Lombardia FC,Poland,636618,81,78,76,71,62
Zubimendi,25,Real Sociedad,Spain,618339,81,64,67,78,71
Salem Al Dawsari,33,Al Hilal,Saudi Arabia,442903,80,85,75,52,80
Ali Al Musrati,28,Beşiktaş,Libya,878927,80,62,66,78,84
Jordi Alba,35,Inter Miami CF,Spain,549593,80,82,70,72,69
Toby Alderweireld,35,Royal Antwerp FC,Belgium,123433,80,50,61,81,82
Joachim Andersen,28,Fulham,Denmark,703855,80,52,57,79,84
Benjamin André,34,LOSC Lille,France,598112,80,61,64,78,83
Marko Arnautović,35,Lombardia FC,Austria,366196,80,70,79,44,78
Maximilian Arnold,30,VfL Wolfsburg,Germany,949559,80,63,79,76,76
Fredrik Aursnes,28,SL Benfica,Norway,707630,80,76,66,76,81
Simon Banza,28,SC Braga,Congo DR,726049,80,75,80,36,77
Roberto Firmino,32,Al Ahli,Brazil,432695,80,67,75,58,76
Bradley Barcola,22,Paris SG,France,392155,80,88,74,34,64
Harvey Barnes,26,Newcastle Utd,England,934797,80,85,78,43,68
Christoph Baumgartner,25,RB Leipzig,Austria,804319,80,77,74,47,60
Walter Benítez,31,PSV,Argentina,908868,80,79,78,37,79
Gonçalo Inácio,23,Sporting CP,Portugal,787159,80,80,37,81,79
Yves Bissouma,28,Spurs,Mali,794209,80,71,67,78,77
Daley Blind,34,Girona FC,Holland,192731,80,36,62,83,70
Denis Bouanga,29,LAFC,Gabon,140736,80,85,81,38,79
Yan Couto,22,Borussia Dortmund,Brazil,555628,80,85,61,72,64
Alessandro Buongiorno,25,SSC Napoli,Italy,873882,80,65,45,82,76
Davide Calabria,27,Milano FC,Italy,337530,80,78,57,79,71
Lucas Chevalier,22,LOSC Lille,France,818018,80,80,79,45,78
Samuel Chukwueze,25,Milano FC,Nigeria,838234,80,88,74,36,61
Jonathan Clauss,31,OGC Nice,France,516385,80,88,69,73,69
Kevin Danso,25,RC Lens,Austria,137278,80,75,32,80,85
Evanilson,24,AFC Bournemouth,Brazil,794179,80,76,78,37,80
De Marcos,35,Athletic Club,Spain,291459,80,79,64,77,78
Michele Di Gregorio,27,Juventus,Italy,228651,80,82,78,56,82
Eric Dier,30,FC Bayern München,England,157291,80,58,63,81,81
Jérémy Doku,22,Manchester City,Belgium,904373,80,92,72,30,68
Éderson,25,Bergamo Calcio,Brazil,280525,80,72,68,77,80
Wataru Endo,31,Liverpool,Japan,80153,80,60,68,79,76
Pervis Estupiñán,26,Brighton,Ecuador,530565,80,78,57,77,75
Wladimiro Falcone,29,Lecce,Italy,280881,80,83,79,27,76
João Félix,24,Chelsea,Portugal,119342,80,80,78,40,67
Suso,30,Sevilla FC,Spain,634001,80,72,76,32,51
Seko Fofana,29,Ettifaq FC,Côte d'Ivoire,455463,80,71,77,73,86
Juan Foyth,26,Villarreal CF,Argentina,973733,80,71,46,81,77
Javi Galán,29,Atlético de Madrid,Spain,854201,80,79,56,77,72
Pepelu,26,Valencia CF,Spain,654534,80,68,70,75,78
Nuno Santos,29,Sporting CP,Portugal,331003,80,83,81,70,76
Joe Gomez,27,Liverpool,England,367521,80,82,28,80,79
Nicolás González,26,Juventus,Argentina,850654,80,85,76,45,62
Mario Götze,32,Frankfurt,Germany,291176,80,55,74,55,69
Vincenzo Grifo,31,SC Freiburg,Italy,752735,80,69,77,43,64
Nemanja Gudelj,32,Sevilla FC,Serbia,916496,80,54,73,79,85
Albert Guðmundsson,27,Fiorentina,Iceland,643504,80,87,79,37,72
Mattéo Guendouzi,25,Latium,France,557575,80,72,71,75,81
Malo Gusto,21,Chelsea,France,772616,80,88,49,73,75
Miguel Gutiérrez,23,Girona FC,Spain,802058,80,81,64,75,72
Amadou Haidara,26,RB Leipzig,Mali,705618,80,66,72,72,69
Danilo Pereira,33,Al Ittihad,Portugal,956885,80,50,63,80,84
Jordan Henderson,34,Ajax,England,359529,80,64,72,75,78
Morten Hjulmand,25,Sporting CP,Denmark,669086,80,65,66,75,83
Pierre-Emile Højbjerg,29,OM,Denmark,944799,80,50,73,77,80
Ibañez,25,Al Ahli,Brazil,592292,80,85,32,81,82
Bento,25,Al Nassr,Brazil,934503,80,79,76,28,81
Thomas Lemar,28,Atlético de Madrid,France,121449,80,81,77,67,64
Dominik Livaković,29,Fenerbahçe,Croatia,691837,80,80,76,56,80
Giovani Lo Celso,28,Real Betis,Argentina,148484,80,69,74,68,71
David López,34,Girona FC,Spain,944121,80,45,60,82,75
Harry Maguire,31,Man Utd,England,755592,80,37,57,80,82
Reinildo,30,Atlético de Madrid,Mozambique,398220,80,84,55,78,79
Iván Martín,25,Girona FC,Spain,416219,80,75,75,68,63
Nemanja Matić,36,OL,Serbia,379542,80,35,67,78,78
Bryan Mbeumo,25,Brentford,Cameroon,727938,80,84,80,49,76
Facundo Medina,25,RC Lens,Argentina,305912,80,73,36,80,79
Édouard Mendy,32,Al Ahli,Senegal,409467,80,78,77,34,79
Dries Mertens,37,Galatasaray,Belgium,132225,80,68,78,43,50
Daniel Muñoz,28,Crystal Palace,Colombia,939603,80,84,66,75,82
Vedat Muriqi,30,RCD Mallorca,Kosovo,468858,80,53,82,29,82
João Mário,31,SL Benfica,Portugal,452752,80,68,76,64,68
Jesús Navas,38,Sevilla FC,Spain,825122,80,81,68,76,55
David Neres,27,SSC Napoli,Brazil,337395,80,86,75,43,64
Alexander Nübel,27,VfB Stuttgart,Germany,199443,80,81,76,48,78
Mario Pašalić,29,Bergamo Calcio,Croatia,475640,80,69,78,67,77
Vangelis Pavlidis,25,SL Benfica,Greece,376101,80,75,82,44,82
Matteo Politano,31,SSC Napoli,Italy,651049,80,80,78,42,54
Ivan Rakitić,36,Hajduk Split,Croatia,940564,80,48,79,74,70
Amir Rrahmani,30,SSC Napoli,Kosovo,376124,80,69,51,82,78
Ruiz de Galarreta,31,Athletic Club,Spain,974895,80,72,65,77,76
Allan Saint-Maximin,27,Fenerbahçe,France,618558,80,89,72,29,68
Davinson Sánchez,28,Galatasaray,Colombia,530359,80,77,47,79,82
Diego Carlos,31,Aston Villa,Brazil,351864,80,63,47,79,76
Téji Savanier,32,Montpellier,France,643302,80,60,76,68,68
Kasper Schmeichel,37,Celtic,Denmark,730836,80,77,76,42,80
William Carvalho,32,Real Betis,Portugal,183027,80,37,68,76,84
Mohamed Simakan,24,Al Nassr,France,56809,80,75,43,81,80
Sebastian Szymański,25,Fenerbahçe,Poland,970896,80,81,77,51,67
Mehdi Taremi,32,Lombardia FC,Iran,690005,80,78,79,38,73
James Tarkowski,31,Everton,England,680213,80,47,45,81,81
Jean-Clair Todibo,24,West Ham,France,675295,80,81,47,80,78
Ivan Toney,28,Brentford,England,802940,80,77,81,51,81
Ferran Torres,24,FC Barcelona,Spain,322061,80,84,78,35,68
Hamari Traoré,32,Real Sociedad,Mali,100026,80,82,57,75,78
Lars Unnerstall,34,FC Twente,Germany,519555,80,80,80,32,80
André Silva,28,RB Leipzig,Portugal,96494,80,74,80,46,77
Hans Vanaken,32,Club Brugge,Belgium,716437,80,45,79,60,76
Jordan Veretout,31,OM,France,521542,80,75,75,75,80
Timo Werner,28,Spurs,Germany,686398,80,91,79,35,69
Mats Wieffer,24,Brighton,Holland,885654,80,70,66,76,83
Axel Witsel,35,Atlético de Madrid,Belgium,436258,80,34,63,83,75
Barış Alper Yılmaz,24,Galatasaray,Turkey,528298,80,91,75,67,84
Warren Zaïre-Emery,18,Paris SG,France,80540,80,79,68,75,78
André-Franck Zambo Anguissa,28,SSC Napoli,Cameroon,656017,80,75,67,77,88
Lucas Zelarayán,32,Al Fateh,Armenia,77973,80,71,77,46,67
Hakim Ziyech,31,Galatasaray,Morocco,639421,80,74,77,50,66
Zubeldia,27,Real Sociedad,Spain,122534,80,78,63,80,82
Karim Adeyemi,22,Borussia Dortmund,Germany,542078,79,96,73,34,70
Nayef Aguerd,28,Real Sociedad,Morocco,460087,79,67,50,81,75
Rayan Aït-Nouri,23,Wolves,Algeria,191367,79,84,52,73,70
Raúl Albiol,39,Villarreal CF,Spain,905096,79,33,41,83,67
Kepa,29,AFC Bournemouth,Spain,527686,79,78,77,40,77
Emil Audero,27,Como,Italy,493223,79,80,74,53,76
Ezequiel Ávila,30,Real Betis,Argentina,527039,79,77,80,45,85
Azpilicueta,35,Atlético de Madrid,Spain,238218,79,59,55,81,74
Álex Baena,23,Villarreal CF,Spain,225970,79,74,75,65,67
Alexander Bah,26,SL Benfica,Denmark,277984,79,91,65,74,81
Johan Bakayoko,21,PSV,Belgium,242064,79,86,71,33,63
Leonardo Balerdi,25,OM,Argentina,206187,79,64,45,80,77
Éver Banega,36,Newell's,Argentina,785253,79,52,73,73,73
Abdülkerim Bardakcı,30,Galatasaray,Turkey,511546,79,61,45,79,86
Yuri Berchiche,34,Athletic Club,Spain,893988,79,79,68,77,83
Steven Berghuis,32,Ajax,Holland,779693,79,72,80,39,66
Steven Bergwijn,26,Al Ittihad,Holland,979917,79,80,76,41,70
Cristiano Biraghi,32,Fiorentina,Italy,247367,79,72,69,76,73
Marco Bizot,33,Stade Brestois 29,Holland,161693,79,79,76,46,79
Sacha Boey,24,FC Bayern München,France,56135,79,82,55,78,80
Giacomo Bonaventura,35,Al Shabab,Italy,509028,79,65,78,70,64
Jarrad Branthwaite,22,Everton,England,602787,79,71,37,79,77
Brian Brobbey,22,Ajax,Holland,237826,79,85,76,30,80
Marcin Bułka,24,OGC Nice,Poland,158664,79,79,76,27,79
Matheus Cunha,25,Wolves,Brazil,477598,79,84,78,44,75
Matty Cash,27,Aston Villa,Poland,827117,79,77,66,75,76
Valentin Castellanos,25,Latium,Argentina,730475,79,72,79,42,77
Catena,29,CA Osasuna,Spain,653029,79,65,39,80,78
Dani Ceballos,28,Real Madrid,Spain,654799,79,63,70,70,67
Ben Chilwell,27,Chelsea,England,295907,79,76,60,75,72
Jordy Clasie,33,AZ,Holland,248585,79,57,64,72,69
Dante,40,OGC Nice,Brazil,203027,79,32,52,81,79
Charles De Ketelaere,23,Bergamo Calcio,Belgium,930431,79,69,77,55,70
Marten de Roon,33,Bergamo Calcio,Holland,134440,79,64,71,82,83
Romain Del Castillo,28,Stade Brestois 29,France,472033,79,84,76,42,65
Ermedin Demirović,26,VfB Stuttgart,Bosnia and Herzegovina,731706,79,69,81,41,79
Sergiño Dest,23,PSV,United States,854045,79,91,60,72,69
Boulaye Dia,27,Latium,Senegal,828878,79,81,80,27,75
Samuel Lino,24,Atlético de Madrid,Brazil,158535,79,83,70,51,66
Lucas Digne,31,Aston Villa,France,538475,79,73,68,76,74
Stole Dimitrievski,30,Valencia CF,North Macedonia,244705,79,78,80,36,78
Axel Disasi,26,Chelsea,France,237082,79,57,48,80,81
Alexander Djiku,30,Fenerbahçe,Ghana,465469,79,75,43,79,81
Cheick Doucouré,24,Crystal Palace,Mali,805464,79,65,57,76,76
Lewis Dunk,32,Brighton,England,72107,79,41,52,80,80
Hugo Duro,24,Valencia CF,Spain,566677,79,73,79,47,75
Marcus Edwards,25,Sporting CP,England,528515,79,85,70,30,48
Stephan El Shaarawy,31,AS Roma,Italy,108857,79,82,75,49,62
Eljif Elmas,24,RB Leipzig,North Macedonia,766245,79,73,72,66,67
Aritz Elustondo,30,Real Sociedad,Spain,803829,79,64,39,80,77
Lewis Ferguson,25,Bologna,Scotland,717917,79,75,78,73,82
Mark Flekken,31,Brentford,Holland,967058,79,80,74,32,77
Emil Forsberg,32,Red Bulls,Sweden,638452,79,65,72,36,61
Chris Führich,26,VfB Stuttgart,Germany,601845,79,83,69,51,59
Álvaro García,31,Rayo Vallecano,Spain,445005,79,88,69,51,43
Alejandro Garnacho,20,Man Utd,Argentina,885924,79,86,75,37,59
Lutsharel Geertruida,24,RB Leipzig,Holland,718211,79,75,57,79,78
Morgan Gibbs-White,24,Nott'm Forest,England,273539,79,75,74,57,69
Carles Gil,31,New England,Spain,458884,79,70,71,38,62
Santiago Giménez,23,Feyenoord,Mexico,703850,79,79,80,49,75
Moi Gómez,30,CA Osasuna,Spain,650698,79,66,75,61,61
João Neves,19,Paris SG,Portugal,411334,79,81,68,75,80
Robin Gosens,30,Fiorentina,Germany,308333,79,72,74,76,80
Mason Greenwood,22,OM,England,200688,79,83,80,36,60
Guruzeta,28,Athletic Club,Spain,935804,79,75,79,42,80
Sébastien Haller,30,CD Leganés,Côte d'Ivoire,581126,79,56,79,51,73
Dean Henderson,27,Crystal Palace,England,834151,79,80,76,55,75
Franck Honorat,28,M'gladbach,France,221570,79,80,77,53,63
Hiroki Ito,25,FC Bayern München,Japan,640346,79,77,57,80,75
Nicolas Jackson,23,Chelsea,Senegal,206065,79,83,78,40,73
Curtis Jones,23,Liverpool,England,989422,79,68,71,70,75
Luka Jović,26,Milano FC,Serbia,333699,79,75,79,30,72
İrfan Can Kahveci,29,Fenerbahçe,Turkey,938250,79,73,79,58,66
Lukas Klostermann,28,RB Leipzig,Germany,686400,79,82,50,81,76
Robin Koch,28,Frankfurt,Germany,893930,79,65,38,80,76
Sead Kolašinac,31,Bergamo Calcio,Bosnia and Herzegovina,142545,79,64,63,79,83
Geoffrey Kondogbia,31,OM,Central African Republic,82636,79,67,71,80,88
Erik Lamela,32,AEK Athens,Argentina,361028,79,76,77,54,68
Noa Lang,25,PSV,Holland,403477,79,82,75,50,70
Manuel Lazzari,30,Latium,Italy,349082,79,93,62,70,66
Lee Kang In,23,Paris SG,Korea Republic,845105,79,74,74,50,66
Pierre Lees-Melou,31,Stade Brestois 29,France,499541,79,62,72,73,76
Mario Lemina,31,Wolves,Gabon,627085,79,69,67,78,80
Jefferson Lerma,29,Crystal Palace,Colombia,123046,79,72,71,77,81
Philipp Lienhart,28,SC Freiburg,Austria,767109,79,69,28,81,75
Matheus,32,SC Braga,Brazil,764008,79,82,75,45,77
Hugo Lloris,37,LAFC,France,209852,79,81,76,54,78
Pedro Neto,24,Chelsea,Portugal,737641,79,88,74,31,59
Anthony Lopes,33,OL,Portugal,991750,79,80,76,65,76
Pau López,29,Girona FC,Spain,533414,79,77,77,48,80
Castello Lukeba,21,RB Leipzig,France,301074,79,70,43,80,73
Dodi Lukébakio,26,Sevilla FC,Belgium,536310,79,84,78,31,59
Robert Sánchez,26,Chelsea,Spain,780286,79,79,77,58,79
Ian Maatsen,22,Aston Villa,Holland,634272,79,86,65,72,63
Pablo Maffeo,27,RCD Mallorca,Argentina,502021,79,82,52,76,70
José Sá,31,Wolves,Portugal,615411,79,80,75,52,78
Omar Marmoush,25,Frankfurt,Egypt,182722,79,89,78,32,71
Arnau Martínez,21,Girona FC,Spain,747504,79,80,50,74,70
Adam Marušić,31,Latium,Montenegro,343518,79,87,66,76,80
Jean-Philippe Mateta,27,Crystal Palace,France,922574,79,76,78,39,82
Borja Mayoral,27,Getafe CF,Spain,686517,79,71,80,39,67
Chancel Mbemba,30,OM,Congo DR,557069,79,73,57,80,81
Callum McGregor,31,Celtic,Scotland,243614,79,79,74,71,78
Medrán,30,Ettifaq FC,Spain,142783,79,60,71,63,69
Nikola Milenković,26,Nott'm Forest,Serbia,576495,79,58,45,79,82
Takumi Minamino,29,AS Monaco,Japan,616265,79,79,74,40,64
Tyrone Mings,31,Aston Villa,England,474912,79,64,44,78,80
Maximilian Mittelstädt,27,VfB Stuttgart,Germany,573436,79,74,62,77,72
Álex Moreno,31,Nott'm Forest,Spain,197073,79,79,66,76,68
Hidemasa Morita,29,Sporting CP,Japan,704530,79,69,72,74,77
Florentino,25,SL Benfica,Portugal,226210,79,55,47,79,78
Hany Mukhtar,29,Nashville SC,Germany,581197,79,82,75,44,64
Nordi Mukiele,26,Leverkusen,France,951064,79,77,49,80,80
Juan Musso,30,Atlético de Madrid,Argentina,237817,79,79,77,44,81
Galeno,26,FC Porto,Brazil,855012,79,93,76,38,68
Matt O'Riley,23,Brighton,Denmark,865459,79,69,77,67,76
Jonas Omlin,30,M'gladbach,Switzerland,290461,79,79,77,52,75
Ayoze Pérez,31,Villarreal CF,Spain,438865,79,78,73,58,65
Mattia Perin,31,Juventus,Italy,537809,79,79,79,57,79
Matteo Pessina,27,Monza,Italy,956154,79,68,70,72,71
Đorđe Petrović,24,Strasbourg,Serbia,222621,79,79,78,41,77
Ethan Pinnock,31,Brentford,Jamaica,238625,79,67,36,81,83
Yeremy Pino,21,Villarreal CF,Spain,146213,79,76,73,38,46
Soufiane Rahimi,28,Al Ain FC,Morocco,587012,79,85,77,38,66
Gonçalo Ramos,23,Paris SG,Portugal,154670,79,76,77,47,81
Antonee Robinson,27,Fulham,United States,505926,79,88,46,74,77
Kaku,29,Al Ain FC,Paraguay,708695,79,81,72,52,64
Oriol Romeu,32,Girona FC,Spain,666859,79,40,54,79,81
Valentin Rongier,29,OM,France,802488,79,65,65,75,78
Frederik Rønnow,32,Union Berlin,Denmark,139798,79,79,79,47,78
Gerónimo Rulli,32,OM,Argentina,873937,79,78,76,54,79
Julian Ryerson,26,Borussia Dortmund,Norway,334688,79,75,63,76,80
Pape Matar Sarr,22,Spurs,Senegal,582579,79,70,65,76,75
Gianluca Scamacca,25,Bergamo Calcio,Italy,914908,79,65,81,36,74
Perr Schuurs,24,Torino,Holland,347401,79,69,64,81,74
Benjamin Šeško,21,RB Leipzig,Slovenia,367257,79,85,78,46,78
Mário Rui,33,SSC Napoli,Portugal,461133,79,80,56,74,68
Wilfried Singo,23,AS Monaco,Côte d'Ivoire,917856,79,77,57,77,83
Łukasz Skorupski,33,Bologna,Poland,623114,79,79,76,51,78
Tomáš Souček,29,West Ham,Czech Republic,308701,79,50,72,80,83
Leonardo Spinazzola,31,SSC Napoli,Italy,601667,79,88,65,76,69
António Silva,20,SL Benfica,Portugal,369952,79,80,37,79,80
Pietro Terracciano,34,Fiorentina,Italy,453961,79,80,77,41,79
Martin Terrier,27,Leverkusen,France,114958,79,82,80,36,72
Kieran Tierney,27,Arsenal,Scotland,235623,79,80,60,76,75
Quinten Timber,23,Feyenoord,Holland,352727,79,77,76,75,81
Jurriën Timber,23,Arsenal,Holland,652863,79,78,47,80,78
Rafael Tolói,33,Bergamo Calcio,Italy,255164,79,61,52,81,79
Edin Višća,34,Trabzonspor,Bosnia and Herzegovina,602358,79,82,78,47,63
Nikola Vlašić,26,Torino,Croatia,641849,79,75,76,58,72
Aaron Wan-Bissaka,26,West Ham,England,829820,79,82,51,77,72
James Ward-Prowse,29,Nott'm Forest,England,980769,79,57,73,66,72
Julian Weigl,29,M'gladbach,Germany,682738,79,54,64,74,73
Yoane Wissa,28,Brentford,Congo DR,302794,79,85,79,29,71
Denis Zakaria,27,AS Monaco,Switzerland,292510,79,80,67,78,84
Davide Zappacosta,32,Bergamo Calcio,Italy,975568,79,76,68,76,70
Edon Zhegrova,25,LOSC Lille,Kosovo,224025,79,85,71,25,62
Oleksandr Zinchenko,27,Arsenal,Ukraine,324170,79,66,66,76,69
Joshua Zirkzee,23,Man Utd,Holland,270418,79,73,77,37,73
Carlos Augusto,25,Lombardia FC,Brazil,986911,79,81,72,75,80
Saud Abdulhamid,25,AS Roma,Saudi Arabia,106940,78,92,46,71,77
Tammy Abraham,26,Milano FC,England,771006,78,78,76,36,77
Tosin Adarabioyo,26,Chelsea,England,281120,78,72,35,78,78
Amine Adli,24,Leverkusen,Morocco,915657,78,83,76,42,74
Joseph Aidoo,28,RC Celta,Ghana,724067,78,75,27,77,88
Miguel Almirón,30,Newcastle Utd,Paraguay,316075,78,87,75,57,65
Nadiem Amiri,27,1. FSV Mainz 05,Germany,210302,78,67,74,60,69
Sofyan Amrabat,28,Fenerbahçe,Morocco,892943,78,65,69,74,80
Michail Antonio,34,West Ham,Jamaica,773405,78,77,74,54,82
Mauro Arambarri,28,Getafe CF,Uruguay,736604,78,60,65,78,78
Cristian Arango,29,Real Salt Lake,Colombia,149869,78,75,79,36,74
Benoît Badiashile,23,Chelsea,France,123850,78,62,47,78,77
Antonín Barák,29,Fiorentina,Czech Republic,945881,78,69,77,65,73
Ricardo Pereira,30,Leicester City,Portugal,427430,78,73,66,77,71
Melvin Bard,23,OGC Nice,France,379726,78,78,52,75,76
Ross Barkley,30,Aston Villa,England,687156,78,53,75,63,74
Marc Bartra,33,Real Betis,Spain,836244,78,68,61,78,75
Maximilian Beier,21,Borussia Dortmund,Germany,354447,78,89,79,26,60
Andrea Belotti,30,Como,Italy,406086,78,69,77,38,80
Fran Beltrán,25,RC Celta,Spain,731960,78,58,56,76,66
Saïd Benrahma,29,OL,Algeria,765404,78,73,75,40,57
Ramy Bensebaini,29,Borussia Dortmund,Algeria,127028,78,75,70,78,77
Nabil Bentaleb,29,LOSC Lille,Algeria,849143,78,52,72,71,75
Mergim Berisha,26,TSG Hoffenheim,Germany,180552,78,71,79,37,72
Jan-Niklas Beste,25,SL Benfica,Germany,72854,78,78,72,60,64
Veljko Birmančević,26,Sparta Praha,Serbia,102613,78,78,73,38,59
Olivier Boscagli,26,PSV,France,583480,78,67,50,80,75
Lilian Brassier,24,OM,France,86945,78,69,37,79,75
Ante Budimir,33,CA Osasuna,Croatia,933373,78,59,79,35,77
Emiliano Buendía,27,Aston Villa,Argentina,750643,78,69,74,66,66
Roman Bürki,33,St. Louis CITY SC,Switzerland,978095,78,82,75,46,73
Dan Burn,32,Newcastle Utd,England,276621,78,42,36,77,84
Nélson Semedo,30,Wolves,Portugal,597471,78,80,56,74,73
Riccardo Calafiori,22,Arsenal,Italy,255587,78,69,65,78,77
Maxence Caqueret,24,OL,France,114589,78,75,62,75,73
Daniel Podence,28,Al Shabab,Portugal,916343,78,84,66,33,49
Trevoh Chalobah,25,Crystal Palace,England,583182,78,67,50,78,78
Andrea Colpani,25,Fiorentina,Italy,293475,78,76,76,65,70
Murillo,22,Nott'm Forest,Brazil,128762,78,72,43,78,82
Vladimír Coufal,32,West Ham,Czech Republic,788004,78,65,56,77,80
Kerem Demirbay,31,Galatasaray,Germany,67964,78,62,76,69,75
Kiernan Dewsbury-Hall,26,Chelsea,England,281235,78,67,71,69,77
Dénes Dibusz,33,Ferencvárosi TC,Hungary,647116,78,77,72,27,77
Ousmane Diomande,20,Sporting CP,Côte d'Ivoire,140548,78,80,26,77,83
Berat Djimsiti,31,Bergamo Calcio,Albania,698643,78,65,39,80,79
Marko Dmitrović,32,CD Leganés,Serbia,727987,78,76,77,37,79
Ritsu Doan,26,SC Freiburg,Japan,835723,78,78,64,40,60
Danilho Doekhi,26,Union Berlin,Holland,628865,78,58,42,78,80
Oscar Dorley,26,Slavia Praha,Liberia,527813,78,78,57,75,72
Oscar,33,Shanghai Port FC,Brazil,444775,78,77,76,60,68
Ayoub El Kaabi,31,Olympiacos FC,Morocco,997743,78,80,80,46,70
Aschraf El Mahdioui,28,Al Taawoun,Holland,479406,78,65,55,70,75
Harvey Elliott,21,Liverpool,England,690274,78,74,71,53,50
Christian Eriksen,32,Man Utd,Denmark,550108,78,50,74,53,50
Alfonso Espino,32,Rayo Vallecano,Uruguay,885261,78,87,63,75,82
Lucas Perri,26,OL,Brazil,434217,78,81,73,35,75
Francisco Conceição,21,Juventus,Portugal,477541,78,87,67,36,50
Wesley Fofana,23,Chelsea,France,398329,78,67,40,80,75
Przemysław Frankowski,29,RC Lens,Poland,962700,78,90,72,70,73
Levi García,26,AEK Athens,Trinidad and Tobago,949039,78,89,77,35,82
Eric García,23,FC Barcelona,Spain,494047,78,62,44,80,71
Rubén García,31,CA Osasuna,Spain,103990,78,76,76,45,52
Fran García,25,Real Madrid,Spain,556918,78,89,49,71,69
Federico Gatti,26,Juventus,Italy,698367,78,75,37,80,76
Ryan Gauld,28,Whitecaps FC,Scotland,450251,78,84,67,51,54
João Gomes,23,Wolves,Brazil,190956,78,70,65,76,75
Campaña,31,UD Las Palmas,Spain,438710,78,65,72,68,71
Ismaily,34,LOSC Lille,Brazil,466384,78,76,64,73,75
Amine Gouiri,24,Stade Rennais FC,Algeria,595529,78,77,80,45,71
Jonathan Gradit,31,RC Lens,France,218343,78,69,29,78,79
Ryan Gravenberch,22,Liverpool,Holland,950240,78,71,76,68,73
Michael Gregoritsch,30,SC Freiburg,Austria,440285,78,53,79,42,76
Guaita,37,RC Celta,Spain,190232,78,78,77,48,77
Arda Güler,19,Real Madrid,Turkey,704474,78,72,73,52,50
Christian Günter,31,SC Freiburg,Germany,621731,78,78,58,74,82
Abderrazak Hamdallah,33,Al Shabab,Morocco,575948,78,61,79,31,79
Lukáš Haraslín,28,Sparta Praha,Slovakia,127859,78,80,74,40,59
Cucho Hernández,25,Columbus Crew,Colombia,134563,78,83,77,42,77
Héctor Herrera,34,Houston Dynamo,Mexico,766820,78,63,74,75,81
Ander Herrera,35,Athletic Club,Spain,690964,78,59,71,79,74
Sergio Herrera,31,CA Osasuna,Spain,403188,78,78,77,47,76
Isak Hien,25,Bergamo Calcio,Sweden,637338,78,70,37,78,78
Andreas Pereira,28,Fulham,Brazil,864966,78,74,77,66,69
Rasmus Højlund,21,Man Utd,Denmark,203435,78,85,77,33,84
Hwang Hee Chan,28,Wolves,Korea Republic,524698,78,84,77,39,74
Borja Iglesias,31,RC Celta,Spain,796122,78,62,80,40,77
Lorenzo Insigne,33,Toronto FC,Italy,296553,78,79,77,36,44
Junya Ito,31,Stade de Reims,Japan,319473,78,87,69,58,68
Juanmi,31,Real Betis,Spain,981768,78,78,77,31,62
Brennan Johnson,23,Spurs,Wales,642449,78,89,74,43,59
Sam Johnstone,31,Wolves,England,159099,78,79,79,41,76
Joan Jordán,30,D. Alavés,Spain,904586,78,54,75,69,75
Pierre Kalulu,24,Juventus,France,311421,78,78,50,79,74
Kevin Kampl,33,RB Leipzig,Slovenia,642449,78,52,66,64,59
Rick Karsdorp,29,PSV,Holland,85504,78,81,63,73,80
Moise Kean,24,Fiorentina,Italy,573148,78,84,76,40,75
Kodjo Fo-Doh Laba,32,Al Ain FC,Togo,482094,78,77,78,25,83
Gaëtan Laborde,30,OGC Nice,France,379235,78,70,79,40,79
Armand Laurienté,25,Sassuolo,France,253799,78,80,76,35,61
Victor Lindelöf,30,Man Utd,Sweden,865860,78,52,51,80,74
Tino Livramento,21,Newcastle Utd,England,102776,78,83,50,74,73
Hirving Lozano,29,PSV,Mexico,232924,78,88,75,41,58
Matheus Nunes,26,Manchester City,Portugal,922037,78,83,71,73,76
Noni Madueke,22,Chelsea,England,234674,78,90,72,38,67
Joakim Mæhle,27,VfL Wolfsburg,Denmark,189565,78,76,57,73,78
Lovro Majer,26,VfL Wolfsburg,Croatia,661743,78,62,73,60,71
Nemanja Maksimović,29,Panathinaikos,Serbia,297107,78,47,73,77,79
Steve Mandanda,39,Stade Rennais FC,France,720642,78,75,77,49,77
Solly March,30,Brighton,England,190195,78,75,71,67,65
Konstantinos Mavropanos,26,West Ham,Greece,374738,78,74,56,79,82
Weston McKennie,26,Juventus,United States,926934,78,76,73,79,80
Scott McTominay,27,SSC Napoli,Scotland,540711,78,55,78,75,84
Ben Mee,34,Brentford,England,604439,78,45,42,82,76
Arthur Cabral,26,SL Benfica,Brazil,931289,78,71,78,32,79
Simon Mignolet,36,Club Brugge,Belgium,77384,78,77,75,51,81
Moncayola,26,CA Osasuna,Spain,681960,78,64,67,73,70
Mason Mount,25,Man Utd,England,382569,78,70,77,61,65
Neto,35,Arsenal,Brazil,109383,78,80,72,53,76
Luis Muriel,33,Orlando City,Colombia,572908,78,85,78,29,67
Rodrigo Becão,28,Fenerbahçe,Brazil,243088,78,54,33,79,79
Marcão,28,Sevilla FC,Brazil,173668,78,63,36,78,85
Wilfred Ndidi,27,Leicester City,Nigeria,255851,78,65,65,75,80
Victor Nelsson,25,Galatasaray,Denmark,332157,78,63,43,80,84
Saúl,29,Sevilla FC,Spain,498916,78,69,75,77,75
M'Bala Nzola,28,RC Lens,Angola,72162,78,88,74,29,82
Noah Okafor,24,Milano FC,Switzerland,718054,78,88,77,31,73
Caio Henrique,27,AS Monaco,Brazil,227960,78,77,58,72,66
Amadou Onana,23,Aston Villa,Belgium,86297,78,72,59,76,79
Alex Oxlade-Chamberlain,31,Beşiktaş,England,814132,78,78,75,67,72
Willian Pacho,22,Paris SG,Ecuador,536906,78,79,32,79,79
Emerson,30,West Ham,Italy,291130,78,79,63,73,65
Leandro Paredes,30,AS Roma,Argentina,845035,78,62,64,71,77
Pedraza,28,Villarreal CF,Spain,576794,78,79,72,74,75
Nicolas Pépé,29,Villarreal CF,Côte d'Ivoire,308651,78,87,76,36,64
Roberto Pereyra,33,AEK Athens,Argentina,115146,78,76,74,68,70
Stefan Posch,27,Bologna,Austria,326726,78,75,55,79,75
Cameron Puertas,26,Al Qadisiyah,Switzerland,449455,78,74,75,69,75
Riqui Puig,25,LA Galaxy,Spain,537889,78,70,67,56,52
Julian Quiñones,27,Al Qadisiyah,Mexico,669275,78,88,78,36,83
Predrag Rajković,28,Al Ittihad,Serbia,145123,78,77,76,25,79
Jacob Ramsey,23,Aston Villa,England,117843,78,78,75,68,74
Giacomo Raspadori,24,SSC Napoli,Italy,373931,78,79,77,27,56
Matheus Reis,29,Sporting CP,Brazil,847765,78,77,55,78,83
Thierry Correia,25,Valencia CF,Portugal,231934,78,92,50,72,71
Guillaume Restes,19,Toulouse FC,France,480375,78,78,74,40,77
Diego Rico,31,Getafe CF,Spain,138252,78,73,55,77,77
Riquelme,24,Atlético de Madrid,Spain,448129,78,78,75,49,52
Marc Roca,27,Real Betis,Spain,182708,78,61,65,72,73
Kirian,28,UD Las Palmas,Spain,176764,78,68,75,72,73
Sergio Romero,37,Boca Juniors,Argentina,64578,78,79,75,46,77
Nicolò Rovella,22,Latium,Italy,783325,78,77,63,75,73
Mathew Ryan,32,AS Roma,Australia,891890,78,76,78,52,77
Alexis Saelemaekers,25,AS Roma,Belgium,830358,78,80,67,64,64
Rodri,24,Real Betis,Spain,673938,78,79,74,38,58
Giorgio Scalvini,20,Bergamo Calcio,Italy,307791,78,55,35,80,73
Marcos Senesi,27,AFC Bournemouth,Argentina,792894,78,57,42,79,77
Mykola Shaparenko,25,Dynamo Kyiv,Ukraine,595797,78,78,71,67,71
Andreas Skov Olsen,24,Club Brugge,Denmark,323387,78,86,78,39,70
Carlos Soler,27,West Ham,Spain,719296,78,75,75,70,71
Djibril Sow,27,Sevilla FC,Switzerland,206835,78,79,69,75,78
Çağlar Söyüncü,28,Fenerbahçe,Turkey,498486,78,69,47,77,78
Angelo Stiller,23,VfB Stuttgart,Germany,721348,78,58,57,73,69
Nicolás Tagliafico,32,OL,Argentina,361465,78,76,56,76,79
James Tavernier,32,Rangers,England,788030,78,81,72,70,80
Teddy Teuma,30,Stade de Reims,Malta,104849,78,67,78,72,76
Jordan Teze,24,AS Monaco,Holland,690290,78,78,49,77,78
Malick Thiaw,23,Milano FC,Germany,831526,78,73,47,77,78
Khéphren Thuram,23,Juventus,France,395016,78,71,71,76,78
Takehiro Tomiyasu,25,Arsenal,Japan,778452,78,69,33,80,80
Gernot Trauner,32,Feyenoord,Austria,212217,78,56,57,79,80
Trincão,24,Sporting CP,Portugal,441498,78,78,77,39,59
Anatoliy Trubin,23,SL Benfica,Ukraine,849087,78,72,76,45,84
Enes Ünal,27,AFC Bournemouth,Turkey,91106,78,67,80,40,80
Alan Varela,23,FC Porto,Argentina,858290,78,67,62,74,78
Matías Vecino,33,Latium,Uruguay,581860,78,58,73,79,79
Gabri Veiga,22,Al Ahli,Spain,806986,78,74,77,60,64
Jan Vertonghen,37,RSC Anderlecht,Belgium,533797,78,58,61,80,79
Adam Wharton,20,Crystal Palace,England,563099,78,68,61,75,71
Georginio Wijnaldum,33,Ettifaq FC,Holland,314130,78,68,72,76,75
Jonas Wind,25,VfL Wolfsburg,Denmark,786068,78,48,79,37,78
Leny Yoro,18,Man Utd,France,843102,78,73,41,79,73
Nicolò Zaniolo,25,Bergamo Calcio,Italy,410079,78,75,76,60,83
Andrija Živković,28,PAOK FC,Serbia,593866,78,82,74,57,62
Kurt Zouma,29,Al Orobah,France,493861,78,52,51,78,82
Vincent Aboubakar,32,Beşiktaş,Cameroon,221320,77,70,79,36,78
Tyler Adams,25,AFC Bournemouth,United States,624592,77,77,50,77,74
Yacine Adli,24,Fiorentina,France,865479,77,70,69,71,70
Emmanuel Agbadou,27,Stade de Reims,Côte d'Ivoire,901342,77,63,47,76,83
Agirrezabala,23,Athletic Club,Spain,621450,77,78,75,32,79
Ruben Aguilar,31,RC Lens,France,664852,77,71,53,73,76
Kerem Aktürkoğlu,25,SL Benfica,Turkey,725743,77,86,72,35,56
Omar Alderete,27,Getafe CF,Paraguay,926467,77,63,61,78,78
Luís Maximiano,25,UD Almería,Portugal,881924,77,77,75,55,72
Gabriel Paulista,33,Beşiktaş,Brazil,996806,77,63,49,78,76
Franco Armani,37,River Plate,Argentina,350607,77,74,76,46,79
Loïc Badé,24,Sevilla FC,France,453871,77,55,45,77,77
Anastasios Bakasetas,31,Panathinaikos,Greece,80711,77,68,80,59,76
Ridle Baku,26,VfL Wolfsburg,Germany,545689,77,82,72,71,76
Iván Balliu,32,Rayo Vallecano,Albania,406907,77,81,51,72,71
Folarin Balogun,23,AS Monaco,United States,801525,77,84,77,23,69
Jonathan Bamba,28,RC Celta,Côte d'Ivoire,688413,77,83,73,39,67
Igor Paixão,24,Feyenoord,Brazil,986776,77,85,73,32,66
Michy Batshuayi,30,Galatasaray,Belgium,754049,77,78,78,36,79
Federico Bernardeschi,30,Toronto FC,Italy,417611,77,76,73,54,67
Sam Beukema,25,Bologna,Holland,680245,77,49,55,78,76
Justin Bijlow,26,Feyenoord,Holland,868470,77,80,75,48,74
Philip Billing,28,AFC Bournemouth,Denmark,723108,77,50,77,72,80
Yann Aurel Bisseck,23,Lombardia FC,Germany,60433,77,75,54,76,83
Ludovic Blas,26,Stade Rennais FC,France,438686,77,73,77,58,64
Janis Blaswich,33,RB Salzburg,Germany,668322,77,77,75,43,76
Jérémie Boga,27,OGC Nice,Côte d'Ivoire,451244,77,85,70,39,64
Willy Boly,33,Nott'm Forest,Côte d'Ivoire,561617,77,34,36,77,78
Santiago Bueno,25,Wolves,Uruguay,118866,77,50,31,78,78
Jean Butez,29,Royal Antwerp FC,France,149112,77,76,76,49,77
Jack Butland,31,Rangers,England,888453,77,78,75,52,76
Vitaliy Buyalskyi,31,Dynamo Kyiv,Ukraine,539177,77,74,71,68,56
Uğurcan Çakır,28,Trabzonspor,Turkey,364921,77,78,76,54,80
Dominic Calvert-Lewin,27,Everton,England,321532,77,75,74,39,76
Andrea Cambiaso,24,Juventus,Italy,153670,77,78,61,72,66
Gianluca Caprari,31,Monza,Italy,972715,77,77,74,36,49
André Carrillo,33,Al Qadisiyah,Peru,199777,77,81,71,49,77
Cameron Carter-Vickers,26,Celtic,United States,144626,77,80,33,75,84
Gedson Fernandes,25,Beşiktaş,Portugal,334879,77,80,73,75,81
Tiago Santos,22,LOSC Lille,Portugal,301286,77,83,56,72,66
Nicolò Casale,26,Bologna,Italy,117204,77,74,53,77,77
Timothy Castagne,28,Fulham,Belgium,946334,77,72,57,74,72
Gaetano Castrovilli,27,Latium,Italy,92747,77,69,67,66,65
Danilo Cataldi,30,Fiorentina,Italy,988858,77,68,71,73,71
Edinson Cavani,37,Boca Juniors,Uruguay,423631,77,52,80,51,71
Julian Chabot,26,VfB Stuttgart,Germany,174075,77,51,29,78,83
Farès Chaïbi,21,Frankfurt,Algeria,232152,77,75,70,68,73
Brendan Chardonnet,29,Stade Brestois 29,France,936276,77,48,46,78,76
Jasper Cillessen,35,UD Las Palmas,Holland,388062,77,76,76,54,77
Patrick Ciurria,29,Monza,Italy,473153,77,81,72,53,58
Levi Colwill,21,Chelsea,England,762023,77,69,40,77,77
Lewis Cook,27,AFC Bournemouth,England,535098,77,60,62,73,68
Dodô,25,Fiorentina,Brazil,749591,77,85,59,71,70
Evander,26,Portland Timbers,Brazil,227549,77,72,73,66,70
Thijs Dallinga,24,Bologna,Holland,414691,77,72,77,30,67
Arnaut Danjuma,27,Girona FC,Holland,101363,77,83,75,44,67
Craig Dawson,34,Wolves,England,954579,77,34,47,79,75
Rodinei,32,Olympiacos FC,Brazil,488468,77,81,61,70,71
De Frutos,27,Rayo Vallecano,Spain,645179,77,83,71,41,64
Vanderson,23,AS Monaco,Brazil,633242,77,77,62,72,71
Raúl De Tomás,29,Rayo Vallecano,Spain,403818,77,74,76,40,72
Kiril Despodov,27,PAOK FC,Bulgaria,969458,77,89,77,29,66
Bafodé Diakité,23,LOSC Lille,France,378703,77,75,41,76,77
Álvaro Djaló,25,Athletic Club,Spain,252736,77,90,70,50,59
Paulo Díaz,30,River Plate,Chile,67307,77,73,57,76,79
Issa Diop,27,Fulham,France,501310,77,57,37,77,80
Yehvann Diouf,24,Stade de Reims,France,989435,77,77,75,45,75
Dakonam Djené,32,Getafe CF,Togo,969900,77,68,42,77,77
Nicolás Domínguez,26,Nott'm Forest,Argentina,752864,77,69,65,72,77
Igor,26,Brighton,Brazil,190577,77,67,37,77,85
Alfie Doughty,24,Luton Town,England,821581,77,82,54,71,67
Anders Dreyer,26,RSC Anderlecht,Denmark,255327,77,78,78,42,65
Sebastián Driussi,28,Austin FC,Argentina,631030,77,82,78,32,72
Marvin Ducksch,30,SV Werder Bremen,Germany,662633,77,63,78,35,66
Niclas Eliasson,28,AEK Athens,Sweden,389910,77,88,66,41,65
Breel Embolo,27,AS Monaco,Switzerland,208266,77,78,77,51,80
Angeliño,27,AS Roma,Spain,335082,77,63,70,73,66
Łukasz Fabiański,39,West Ham,Poland,65260,77,77,78,49,77
Romain Faivre,26,Stade Brestois 29,France,181465,77,71,73,62,65
Ansu Fati,21,FC Barcelona,Spain,725398,77,89,75,30,53
Aitor,33,CA Osasuna,Spain,841600,77,77,74,56,76
Ignacio Fernández,34,River Plate,Argentina,360575,77,64,74,67,68
Jota Silva,25,Nott'm Forest,Portugal,453864,77,83,72,44,74
Fábio Vieira,24,FC Porto,Portugal,443172,77,71,72,51,53
Kyogo Furuhashi,29,Celtic,Japan,452128,77,84,78,49,65
Patric,31,Latium,Spain,940199,77,63,53,78,72
Matteo Gabbia,24,Milano FC,Italy,971104,77,48,35,79,75
Gonçalo Guedes,27,Wolves,Portugal,896544,77,83,79,37,68
Samuel Gigot,30,Latium,France,609251,77,62,38,77,81
Angel Gomes,24,LOSC Lille,England,267625,77,76,70,72,69
Beto,26,Everton,Portugal,308494,77,79,76,25,85
Nico González,22,FC Porto,Spain,54625,77,66,63,72,80
Marcelo Grohe,37,Al Kholood,Brazil,348909,77,75,75,39,76
Mert Günok,35,Beşiktaş,Turkey,88622,77,74,76,56,78
Quilindschy Hartman,22,Feyenoord,Holland,364247,77,80,53,72,77
Hans Hateboer,30,Stade Rennais FC,Holland,51804,77,76,63,74,75
Thorgan Hazard,31,RSC Anderlecht,Belgium,65317,77,71,74,53,66
Rico Henry,27,Brentford,England,478262,77,87,41,75,71
Bryan Heynen,27,KRC Genk,Belgium,945317,77,62,73,73,77
Santiago Hezze,22,Olympiacos FC,Argentina,115001,77,67,62,75,77
Callum Hudson-Odoi,23,Nott'm Forest,England,421982,77,82,72,48,60
Jonathan Ikoné,26,Fiorentina,France,809609,77,89,67,35,58
Ivan Ilić,23,Torino,Serbia,509775,77,68,72,68,69
Illarramendi,34,FC Dallas,Spain,830578,77,41,69,75,67
Fotis Ioannidis,24,Panathinaikos,Greece,304860,77,75,76,25,74
Alex Iwobi,28,Fulham,Nigeria,510249,77,75,65,56,75
Vincent Janssen,30,Royal Antwerp FC,Holland,620919,77,69,76,48,88
Mathias Jensen,28,Brentford,Denmark,420471,77,67,64,69,74
Filip Jörgensen,22,Chelsea,Denmark,600922,77,75,76,41,78
João Pedro,22,Brighton,Brazil,261608,77,77,77,28,62
Saša Kalajdžić,27,Wolves,Austria,692035,77,51,75,46,68
Arnaud Kalimuendo,22,Stade Rennais FC,France,188448,77,80,76,29,67
Caoimhin Kelleher,25,Liverpool,Republic of Ireland,440050,77,76,74,43,76
Milos Kerkez,20,AFC Bournemouth,Hungary,864759,77,83,55,70,75
Maximilian Kilman,27,West Ham,England,451568,77,61,42,77,78
Tim Kleindienst,29,M'gladbach,Germany,218984,77,67,79,39,87
Justin Kluivert,25,AFC Bournemouth,Holland,787912,77,88,75,38,65
Ladislav Krejčí,25,Girona FC,Czech Republic,641061,77,67,67,74,85
Enzo Le Fée,24,AS Roma,France,934919,77,63,57,62,57
Benjamin Lecomte,33,Montpellier,France,899655,77,76,75,41,75
Florian Lejeune,33,Rayo Vallecano,France,855279,77,48,57,77,70
Lekue,31,Athletic Club,Spain,777284,77,82,62,73,75
Chiquinho,29,Olympiacos FC,Portugal,725977,77,74,74,66,70
Diego Llorente,31,Real Betis,Spain,747902,77,64,40,78,76
Bradley Locko,22,Stade Brestois 29,France,353147,77,75,51,75,70
Renan Lodi,26,Al Hilal,Brazil,586045,77,79,67,72,73
Lucas Beraldo,20,Paris SG,Brazil,525395,77,68,38,76,74
Jhon Lucumí,26,Bologna,Colombia,95333,77,66,37,78,78
Sebastiano Luperto,28,Cagliari,Italy,509828,77,64,48,79,73
André Horta,27,SC Braga,Portugal,130181,77,73,70,67,71
Renato Sanches,27,SL Benfica,Portugal,102600,77,77,70,71,78
Darwin Machís,31,R. Valladolid CF,Venezuela,399648,77,86,76,38,67
Kobbie Mainoo,19,Man Utd,England,890646,77,74,66,73,72
Radosław Majecki,24,AS Monaco,Poland,353785,77,77,74,31,75
Ruslan Malinovskyi,31,Genoa,Ukraine,847286,77,67,79,63,79
Rolando Mandragora,27,Fiorentina,Italy,746405,77,46,66,74,74
Guillermo Maripán,30,Torino,Chile,896827,77,33,42,78,78
Lucas Martínez Quarta,28,Fiorentina,Argentina,679936,77,56,56,76,78
Antony,24,Man Utd,Brazil,142501,77,82,70,43,72
Dwight McNeil,24,Everton,England,52203,77,68,73,55,68
Georges Mikautadze,23,OL,Georgia,750390,77,81,78,40,71
Vanja Milinković-Savić,27,Torino,Serbia,198064,77,81,76,43,77
Luis Milla,29,Getafe CF,Spain,322474,77,68,72,75,73
Enzo Millot,22,VfB Stuttgart,France,443317,77,75,69,61,57
Rafa Mir,27,Valencia CF,Spain,129278,77,76,77,45,79
Tyrick Mitchell,25,Crystal Palace,England,74947,77,75,41,76,69
Terem Moffi,25,OGC Nice,Nigeria,969443,77,91,77,26,77
Johan Mojica,32,RCD Mallorca,Colombia,264155,77,88,65,72,70
Moleiro,20,UD Las Palmas,Spain,969880,77,83,66,51,62
Lorenzo Montipò,28,Hellas Verona,Italy,511280,77,75,73,42,75
Endrick,18,Real Madrid,Brazil,820152,77,89,76,30,64
Marcelino Moreno,29,Lanús,Argentina,243179,77,87,70,53,61
Mosquera,20,Valencia CF,Spain,244994,77,76,46,79,77
Youssoufa Moukoko,19,OGC Nice,Germany,896581,77,77,76,34,67
João Moutinho,38,SC Braga,Portugal,406463,77,39,67,68,63
Mykhailo Mudryk,23,Chelsea,Ukraine,854835,77,92,72,38,63
Yvon Mvogo,30,FC Lorient,Switzerland,828759,77,78,77,42,76
Vitaliy Mykolenko,25,Everton,Ukraine,590740,77,75,51,76,69
Wendell,31,FC Porto,Brazil,981699,77,82,57,71,73
Evan Ndicka,25,AS Roma,Côte d'Ivoire,311361,77,74,53,77,77
João Mário,24,FC Porto,Portugal,924593,77,85,63,69,67
Georges-Kévin Nkoudou,29,Damac FC,Cameroon,865169,77,93,76,34,61
Felix Nmecha,23,Borussia Dortmund,Germany,285670,77,80,69,75,81
Lukas Nmecha,25,VfL Wolfsburg,Germany,775199,77,76,77,40,77
Christian Nørgaard,30,Brentford,Denmark,865582,77,52,60,76,78
Unai Núñez,27,Athletic Club,Spain,73662,77,69,24,77,78
Mathías Olivera,26,SSC Napoli,Uruguay,774202,77,71,50,75,73
David Ospina,36,Atl. Nacional,Colombia,705919,77,77,74,53,80
Aitor Paredes,24,Athletic Club,Spain,407714,77,72,36,78,75
Bruno Petković,29,Dinamo Zagreb,Croatia,773735,77,72,74,40,76
Germán Pezzella,33,River Plate,Argentina,69908,77,54,49,79,75
Kalvin Phillips,28,Ipswich,England,613074,77,58,65,75,74
Orbelín Pineda,28,AEK Athens,Mexico,393655,77,81,74,65,66
Alassane Plea,31,M'gladbach,France,414897,77,66,77,39,71
Yussuf Poulsen,30,RB Leipzig,Denmark,100313,77,72,71,56,80
Puado,26,RCD Espanyol,Spain,834010,77,84,76,51,75
Juan Fernando Quintero,31,Racing Club,Colombia,562256,77,62,76,41,54
Luiz Felipe,27,Al Ittihad,Italy,929162,77,72,29,77,75
Arthur,28,Juventus,Brazil,512002,77,59,65,71,65
Reguilón,27,Spurs,Spain,637424,77,82,58,73,67
André Almeida,24,Valencia CF,Portugal,399169,77,72,66,67,63
Samuele Ricci,23,Torino,Italy,350260,77,73,55,73,68
Ricardo Rodríguez,32,Real Betis,Switzerland,719116,77,70,69,79,74
Jonathan Rodríguez,31,Portland Timbers,Uruguay,655343,77,87,77,38,76
Youssouf Sabaly,31,Real Betis,Senegal,677482,77,78,54,74,71
Umar Sadiq,27,Real Sociedad,Nigeria,530676,77,83,76,30,76
Matvey Safonov,25,Paris SG,Russia,249284,77,78,74,44,77
Roland Sallai,27,SC Freiburg,Hungary,572061,77,74,71,38,70
Antonio Sanabria,28,Torino,Paraguay,833752,77,75,75,32,60
Ibrahim Sangaré,26,Nott'm Forest,Côte d'Ivoire,911173,77,60,65,77,83
Baptiste Santamaria,29,Stade Rennais FC,France,747598,77,42,67,73,73
Marcos Leonardo,21,SL Benfica,Brazil,371351,77,76,77,26,67
Daniel Bragança,25,Sporting CP,Portugal,680545,77,80,69,65,61
Pablo Sarabia,32,Wolves,Spain,787638,77,69,73,57,58
